{
  "asiakkaat": [
    {
      "id": 1,
      "nimi": "Elias",
      "puhelinnumero": "0700123123",
      "osoite": "PL 347",
      "postinumero": "33101",
      "postitoimipaikka": "Tampere"
    },
    {
      "id": 2,
      "nimi": "Celia",
      "osoite": "453 Surrey Pass",
      "puhelinnumero": "6128696777",
      "postinumero": "7341",
      "postitoimipaikka": "Banjar Batanpoh"
    },
    {
      "id": 3,
      "nimi": "Betteanne",
      "puhelinnumero": "7659437269",
      "osoite": "75 1st Pass",
      "postinumero": "301",
      "postitoimipaikka": "Wailolong"
    },
    {
      "id": 4,
      "nimi": "Enrico",
      "puhelinnumero": "7527944201",
      "osoite": "31503 Iowa Circle",
      "postinumero": "517",
      "postitoimipaikka": "Tagapul-an"
    },
    {
      "id": 5,
      "nimi": "Jasun",
      "puhelinnumero": "4618515455",
      "osoite": "2371 Arapahoe Way",
      "postinumero": "21515",
      "postitoimipaikka": "Zhigalovo"
    },
    {
      "id": 6,
      "nimi": "Jory",
      "puhelinnumero": "1825196750",
      "osoite": "521 Oakridge Terrace",
      "postinumero": "3074",
      "postitoimipaikka": "Rizal"
    },
    {
      "id": 7,
      "nimi": "Skye",
      "puhelinnumero": "1082556943",
      "osoite": "62842 Schiller Drive",
      "postinumero": "4320",
      "postitoimipaikka": "Litian"
    },
    {
      "id": 8,
      "nimi": "Milissent",
      "puhelinnumero": "4776290343",
      "osoite": "5884 Raven Trail",
      "postinumero": "537",
      "postitoimipaikka": "Xiaogang"
    },
    {
      "id": 9,
      "nimi": "Felic",
      "puhelinnumero": "9564653666",
      "osoite": "0924 Hallows Drive",
      "postinumero": "0",
      "postitoimipaikka": "Changzhi"
    },
    {
      "id": 10,
      "nimi": "Filip",
      "puhelinnumero": "1653247121",
      "osoite": "73726 Rigney Park",
      "postinumero": "39149",
      "postitoimipaikka": "Kovrov"
    },
    {
      "id": 11,
      "nimi": "Dehlia",
      "puhelinnumero": "4107125044",
      "osoite": "21898 Northfield Street",
      "postinumero": "5",
      "postitoimipaikka": "Jingdu"
    },
    {
      "id": 12,
      "nimi": "Wait",
      "puhelinnumero": "7531205109",
      "osoite": "8 Forest Dale Trail",
      "postinumero": "8",
      "postitoimipaikka": "Mtsensk"
    },
    {
      "id": 13,
      "nimi": "Saidee",
      "puhelinnumero": "3558669731",
      "osoite": "5 Dixon Trail",
      "postinumero": "5",
      "postitoimipaikka": "Santo Domingo"
    },
    {
      "id": 14,
      "nimi": "Deanne",
      "puhelinnumero": "5378586034",
      "osoite": "9106 Talmadge Court",
      "postinumero": "6",
      "postitoimipaikka": "Lidingö"
    },
    {
      "id": 15,
      "nimi": "Urbano",
      "puhelinnumero": "1233974196",
      "osoite": "60 Morningstar Place",
      "postinumero": "9",
      "postitoimipaikka": "La Paz"
    },
    {
      "id": 16,
      "nimi": "Gusty",
      "puhelinnumero": "3398792647",
      "osoite": "18223 Pawling Terrace",
      "postinumero": "47830",
      "postitoimipaikka": "Jaroměřice nad Rokytnou"
    },
    {
      "id": 17,
      "nimi": "Zelma",
      "puhelinnumero": "8383010019",
      "osoite": "0 Northfield Terrace",
      "postinumero": "95841",
      "postitoimipaikka": "Abha"
    },
    {
      "id": 18,
      "nimi": "Codi",
      "puhelinnumero": "2656628605",
      "osoite": "83775 Arapahoe Drive",
      "postinumero": "8",
      "postitoimipaikka": "Gongqiao"
    },
    {
      "id": 19,
      "nimi": "Latrina",
      "puhelinnumero": "8238293718",
      "osoite": "9 Garrison Point",
      "postinumero": "3616",
      "postitoimipaikka": "Tinabogan"
    },
    {
      "id": 20,
      "nimi": "Aveline",
      "puhelinnumero": "8302507868",
      "osoite": "58 Sullivan Circle",
      "postinumero": "1604",
      "postitoimipaikka": "Jaguaruana"
    },
    {
      "id": 21,
      "nimi": "Frants",
      "puhelinnumero": "9989708737",
      "osoite": "640 Lukken Lane",
      "postinumero": "257",
      "postitoimipaikka": "Xinjian"
    },
    {
      "id": 22,
      "nimi": "Stanford",
      "puhelinnumero": "9433342307",
      "osoite": "3 Sauthoff Center",
      "postinumero": "495",
      "postitoimipaikka": "Xiadahe"
    },
    {
      "id": 23,
      "nimi": "Kiley",
      "puhelinnumero": "5472487127",
      "osoite": "2 Homewood Center",
      "postinumero": "3",
      "postitoimipaikka": "Tandel"
    },
    {
      "id": 24,
      "nimi": "Justinn",
      "puhelinnumero": "3135044528",
      "osoite": "9609 Duke Road",
      "postinumero": "9",
      "postitoimipaikka": "Detroit"
    },
    {
      "id": 25,
      "nimi": "Vassily",
      "puhelinnumero": "9483231783",
      "osoite": "24650 Del Mar Court",
      "postinumero": "0",
      "postitoimipaikka": "Ropcha"
    },
    {
      "id": 26,
      "nimi": "Darcee",
      "puhelinnumero": "9155070487",
      "osoite": "160 Thierer Terrace",
      "postinumero": "56",
      "postitoimipaikka": "Kuchinarai"
    },
    {
      "id": 27,
      "nimi": "Jeri",
      "puhelinnumero": "9626369634",
      "osoite": "01 Golf Course Street",
      "postinumero": "089",
      "postitoimipaikka": "Skeldon"
    },
    {
      "id": 28,
      "nimi": "Reese",
      "puhelinnumero": "2414554956",
      "osoite": "1 Surrey Alley",
      "postinumero": "1019",
      "postitoimipaikka": "Comillas Norte"
    },
    {
      "id": 29,
      "nimi": "Natty",
      "puhelinnumero": "1417590998",
      "osoite": "52574 Bay Way",
      "postinumero": "70",
      "postitoimipaikka": "Chengdong"
    },
    {
      "id": 30,
      "nimi": "Justina",
      "puhelinnumero": "4812814135",
      "osoite": "688 Pennsylvania Place",
      "postinumero": "3",
      "postitoimipaikka": "Bontoc"
    },
    {
      "id": 31,
      "nimi": "Nikolai",
      "puhelinnumero": "3727519148",
      "osoite": "7 Amoth Way",
      "postinumero": "7",
      "postitoimipaikka": "Dal’nerechensk"
    },
    {
      "id": 32,
      "nimi": "Mada",
      "puhelinnumero": "6699211074",
      "osoite": "33454 Straubel Center",
      "postinumero": "96",
      "postitoimipaikka": "Ginowan"
    },
    {
      "id": 33,
      "nimi": "Gustave",
      "puhelinnumero": "1603443535",
      "osoite": "84 Toban Road",
      "postinumero": "1",
      "postitoimipaikka": "Permas"
    },
    {
      "id": 34,
      "nimi": "Osbert",
      "puhelinnumero": "2618089276",
      "osoite": "012 Service Parkway",
      "postinumero": "72016",
      "postitoimipaikka": "Winong"
    },
    {
      "id": 35,
      "nimi": "Nancee",
      "puhelinnumero": "3173563066",
      "osoite": "043 Oneill Avenue",
      "postinumero": "012",
      "postitoimipaikka": "Fenlu"
    },
    {
      "id": 36,
      "nimi": "Verna",
      "puhelinnumero": "9208135926",
      "osoite": "28028 Drewry Point",
      "postinumero": "93385",
      "postitoimipaikka": "Balas"
    },
    {
      "id": 37,
      "nimi": "Aurora",
      "puhelinnumero": "4515448439",
      "osoite": "371 Fieldstone Court",
      "postinumero": "79",
      "postitoimipaikka": "Pirajuí"
    },
    {
      "id": 38,
      "nimi": "Nonie",
      "puhelinnumero": "2249621840",
      "osoite": "22 Hollow Ridge Hill",
      "postinumero": "445",
      "postitoimipaikka": "Krasnoshchekovo"
    },
    {
      "id": 39,
      "nimi": "Maynord",
      "puhelinnumero": "7605649183",
      "osoite": "68601 Commercial Park",
      "postinumero": "60",
      "postitoimipaikka": "Krasnoznamensk"
    },
    {
      "id": 40,
      "nimi": "Amber",
      "puhelinnumero": "6416979728",
      "osoite": "63 Southridge Lane",
      "postinumero": "151",
      "postitoimipaikka": "Montfort-sur-Meu"
    },
    {
      "id": 41,
      "nimi": "Curry",
      "puhelinnumero": "7829799341",
      "osoite": "51 Chive Drive",
      "postinumero": "952",
      "postitoimipaikka": "Taourirt"
    },
    {
      "id": 42,
      "nimi": "Desiree",
      "puhelinnumero": "3669515550",
      "osoite": "85 Homewood Court",
      "postinumero": "229",
      "postitoimipaikka": "Jakobstad"
    },
    {
      "id": 43,
      "nimi": "Kenneth",
      "puhelinnumero": "2646626657",
      "osoite": "06 Clyde Gallagher Place",
      "postinumero": "6277",
      "postitoimipaikka": "Maxu"
    },
    {
      "id": 44,
      "nimi": "Harris",
      "puhelinnumero": "5873767586",
      "osoite": "57 Monica Point",
      "postinumero": "1",
      "postitoimipaikka": "Kayukembang"
    },
    {
      "id": 45,
      "nimi": "Chico",
      "puhelinnumero": "2821984349",
      "osoite": "519 Blackbird Alley",
      "postinumero": "067",
      "postitoimipaikka": "Tash-Kumyr"
    },
    {
      "id": 46,
      "nimi": "Theda",
      "puhelinnumero": "8471524575",
      "osoite": "09 Hermina Drive",
      "postinumero": "80",
      "postitoimipaikka": "Imatra"
    },
    {
      "id": 47,
      "nimi": "Lovell",
      "puhelinnumero": "1511874151",
      "osoite": "0147 Spenser Pass",
      "postinumero": "12",
      "postitoimipaikka": "Zielonka"
    },
    {
      "id": 48,
      "nimi": "Phillipe",
      "puhelinnumero": "6295504059",
      "osoite": "347 Daystar Junction",
      "postinumero": "8",
      "postitoimipaikka": "Riachão das Neves"
    },
    {
      "id": 49,
      "nimi": "Marga",
      "puhelinnumero": "3291009375",
      "osoite": "2 Anthes Crossing",
      "postinumero": "7",
      "postitoimipaikka": "Uttar Char Fasson"
    },
    {
      "id": 50,
      "nimi": "Kimberly",
      "puhelinnumero": "2512582363",
      "osoite": "016 Kennedy Hill",
      "postinumero": "15457",
      "postitoimipaikka": "Jiagao"
    },
    {
      "id": 51,
      "nimi": "Kenton",
      "puhelinnumero": "9583055965",
      "osoite": "86579 Norway Maple Park",
      "postinumero": "87345",
      "postitoimipaikka": "Al Marj"
    },
    {
      "id": 52,
      "nimi": "Rene",
      "puhelinnumero": "6021774682",
      "osoite": "04596 Bunting Road",
      "postinumero": "553",
      "postitoimipaikka": "Lloydminster"
    },
    {
      "id": 53,
      "nimi": "Dunn",
      "puhelinnumero": "9136376155",
      "osoite": "890 Gulseth Crossing",
      "postinumero": "324",
      "postitoimipaikka": "Thoeng"
    },
    {
      "id": 54,
      "nimi": "Alyse",
      "puhelinnumero": "3555492672",
      "osoite": "51461 Stone Corner Alley",
      "postinumero": "2",
      "postitoimipaikka": "Krajan"
    },
    {
      "id": 55,
      "nimi": "Karry",
      "puhelinnumero": "9444286366",
      "osoite": "67903 Vahlen Circle",
      "postinumero": "0821",
      "postitoimipaikka": "Diwopu"
    },
    {
      "id": 56,
      "nimi": "Hillery",
      "puhelinnumero": "5842568272",
      "osoite": "45436 Magdeline Plaza",
      "postinumero": "186",
      "postitoimipaikka": "Uralets"
    },
    {
      "id": 57,
      "nimi": "Birgitta",
      "puhelinnumero": "5122645131",
      "osoite": "4961 Thierer Lane",
      "postinumero": "51",
      "postitoimipaikka": "Jintan"
    },
    {
      "id": 58,
      "nimi": "Wilek",
      "puhelinnumero": "1305442771",
      "osoite": "3092 Kings Drive",
      "postinumero": "26837",
      "postitoimipaikka": "Xinwan"
    },
    {
      "id": 59,
      "nimi": "Raimondo",
      "puhelinnumero": "9166261126",
      "osoite": "34 Crest Line Junction",
      "postinumero": "64",
      "postitoimipaikka": "Takub"
    },
    {
      "id": 60,
      "nimi": "Geoff",
      "puhelinnumero": "9576794666",
      "osoite": "5148 Pond Avenue",
      "postinumero": "05623",
      "postitoimipaikka": "Miaoxi"
    },
    {
      "id": 61,
      "nimi": "Skylar",
      "puhelinnumero": "2007679150",
      "osoite": "9826 Grasskamp Crossing",
      "postinumero": "2688",
      "postitoimipaikka": "Goyang-si"
    },
    {
      "id": 62,
      "nimi": "Curr",
      "puhelinnumero": "4826514985",
      "osoite": "00109 Maywood Junction",
      "postinumero": "774",
      "postitoimipaikka": "Qaryat al Qābil"
    },
    {
      "id": 63,
      "nimi": "Anthea",
      "puhelinnumero": "3763391691",
      "osoite": "95014 Eliot Circle",
      "postinumero": "0",
      "postitoimipaikka": "Huolongmen"
    },
    {
      "id": 64,
      "nimi": "Nick",
      "puhelinnumero": "9395619948",
      "osoite": "44131 Barby Place",
      "postinumero": "52548",
      "postitoimipaikka": "Pailiao"
    },
    {
      "id": 65,
      "nimi": "Elladine",
      "puhelinnumero": "1206698256",
      "osoite": "73 Rockefeller Terrace",
      "postinumero": "90650",
      "postitoimipaikka": "Medellín"
    },
    {
      "id": 66,
      "nimi": "Roxanna",
      "puhelinnumero": "5331152659",
      "osoite": "6 Nancy Circle",
      "postinumero": "8",
      "postitoimipaikka": "Borås"
    },
    {
      "id": 67,
      "nimi": "Bobbi",
      "puhelinnumero": "2644482550",
      "osoite": "9 Green Avenue",
      "postinumero": "3099",
      "postitoimipaikka": "Khust"
    },
    {
      "id": 68,
      "nimi": "Flinn",
      "puhelinnumero": "1385081252",
      "osoite": "21 Swallow Way",
      "postinumero": "26",
      "postitoimipaikka": "Sechelt"
    },
    {
      "id": 69,
      "nimi": "Vivien",
      "puhelinnumero": "3239176141",
      "osoite": "80645 Grim Plaza",
      "postinumero": "5",
      "postitoimipaikka": "Burbank"
    },
    {
      "id": 70,
      "nimi": "Muffin",
      "puhelinnumero": "7601746852",
      "osoite": "139 Cascade Park",
      "postinumero": "99303",
      "postitoimipaikka": "Gaoqiao"
    },
    {
      "id": 71,
      "nimi": "Piper",
      "puhelinnumero": "5338205523",
      "osoite": "92 Laurel Road",
      "postinumero": "851",
      "postitoimipaikka": "Cicurug"
    },
    {
      "id": 72,
      "nimi": "Haley",
      "puhelinnumero": "3703708953",
      "osoite": "28 Barby Drive",
      "postinumero": "8525",
      "postitoimipaikka": "Nowe Miasto"
    },
    {
      "id": 73,
      "nimi": "Laure",
      "puhelinnumero": "4489869401",
      "osoite": "09387 Miller Place",
      "postinumero": "877",
      "postitoimipaikka": "Koltubanovskiy"
    },
    {
      "id": 74,
      "nimi": "Rance",
      "puhelinnumero": "1746027218",
      "osoite": "717 Linden Place",
      "postinumero": "3165",
      "postitoimipaikka": "Beizhang"
    },
    {
      "id": 75,
      "nimi": "Leah",
      "puhelinnumero": "5046829650",
      "osoite": "2596 Marcy Pass",
      "postinumero": "9",
      "postitoimipaikka": "Uusikaupunki"
    },
    {
      "id": 76,
      "nimi": "Libby",
      "puhelinnumero": "7384326372",
      "osoite": "828 Roxbury Crossing",
      "postinumero": "50753",
      "postitoimipaikka": "Hongcao"
    },
    {
      "id": 77,
      "nimi": "Mela",
      "puhelinnumero": "9756953928",
      "osoite": "23672 Crowley Park",
      "postinumero": "20477",
      "postitoimipaikka": "Sykiés"
    },
    {
      "id": 78,
      "nimi": "Brod",
      "puhelinnumero": "2882087598",
      "osoite": "40 Meadow Vale Alley",
      "postinumero": "65",
      "postitoimipaikka": "Iradan"
    },
    {
      "id": 79,
      "nimi": "Sallee",
      "puhelinnumero": "6976607573",
      "osoite": "8 Ludington Way",
      "postinumero": "93936",
      "postitoimipaikka": "Mithi"
    },
    {
      "id": 80,
      "nimi": "Caresse",
      "puhelinnumero": "4579660733",
      "osoite": "92810 Spohn Parkway",
      "postinumero": "99085",
      "postitoimipaikka": "Grenoble"
    },
    {
      "id": 81,
      "nimi": "Nicola",
      "puhelinnumero": "1193563129",
      "osoite": "0850 Spenser Circle",
      "postinumero": "0",
      "postitoimipaikka": "Komendantsky aerodrom"
    },
    {
      "id": 82,
      "nimi": "Dominga",
      "puhelinnumero": "8509149025",
      "osoite": "858 Sheridan Place",
      "postinumero": "5999",
      "postitoimipaikka": "Zhongxian"
    },
    {
      "id": 83,
      "nimi": "Barthel",
      "puhelinnumero": "8883523857",
      "osoite": "5 Dwight Place",
      "postinumero": "559",
      "postitoimipaikka": "San Luis"
    },
    {
      "id": 84,
      "nimi": "Minda",
      "puhelinnumero": "1867737485",
      "osoite": "354 Talisman Place",
      "postinumero": "36936",
      "postitoimipaikka": "Hagfors"
    },
    {
      "id": 85,
      "nimi": "Kathryn",
      "puhelinnumero": "3134954594",
      "osoite": "30573 Maywood Point",
      "postinumero": "0270",
      "postitoimipaikka": "Yaohua"
    },
    {
      "id": 86,
      "nimi": "Dominick",
      "puhelinnumero": "9088031223",
      "osoite": "717 Mallory Terrace",
      "postinumero": "0394",
      "postitoimipaikka": "Domoni"
    },
    {
      "id": 87,
      "nimi": "Pansy",
      "puhelinnumero": "4221118906",
      "osoite": "16424 Fremont Drive",
      "postinumero": "29",
      "postitoimipaikka": "Changshou"
    },
    {
      "id": 88,
      "nimi": "Claus",
      "puhelinnumero": "1163689041",
      "osoite": "78859 Clyde Gallagher Trail",
      "postinumero": "2",
      "postitoimipaikka": "Osorno"
    },
    {
      "id": 89,
      "nimi": "Georgeta",
      "puhelinnumero": "6967329383",
      "osoite": "8049 Farragut Road",
      "postinumero": "7",
      "postitoimipaikka": "Nianpan"
    },
    {
      "id": 90,
      "nimi": "Gert",
      "puhelinnumero": "6276581779",
      "osoite": "7019 Mccormick Point",
      "postinumero": "80738",
      "postitoimipaikka": "Huixing"
    },
    {
      "id": 91,
      "nimi": "Urbanus",
      "puhelinnumero": "8569239880",
      "osoite": "8049 Rockefeller Court",
      "postinumero": "63",
      "postitoimipaikka": "Yur’yev-Pol’skiy"
    },
    {
      "id": 92,
      "nimi": "Mirabel",
      "puhelinnumero": "7143189973",
      "osoite": "298 Di Loreto Parkway",
      "postinumero": "3721",
      "postitoimipaikka": "Fullerton"
    },
    {
      "id": 93,
      "nimi": "Kare",
      "puhelinnumero": "4125176341",
      "osoite": "038 Fieldstone Point",
      "postinumero": "6",
      "postitoimipaikka": "Santa Rosa de Aguán"
    },
    {
      "id": 94,
      "nimi": "Derward",
      "puhelinnumero": "2832543253",
      "osoite": "48 Del Mar Point",
      "postinumero": "57714",
      "postitoimipaikka": "Bắc Ninh"
    },
    {
      "id": 95,
      "nimi": "Myrtle",
      "puhelinnumero": "3922177770",
      "osoite": "60 Hayes Court",
      "postinumero": "674",
      "postitoimipaikka": "Kudinovo"
    },
    {
      "id": 96,
      "nimi": "Verene",
      "puhelinnumero": "7681591273",
      "osoite": "38906 Garrison Trail",
      "postinumero": "40639",
      "postitoimipaikka": "Geta"
    },
    {
      "id": 97,
      "nimi": "Leopold",
      "puhelinnumero": "6198954608",
      "osoite": "1 Fairfield Court",
      "postinumero": "8",
      "postitoimipaikka": "Laba Goumen"
    },
    {
      "id": 98,
      "nimi": "Valentine",
      "puhelinnumero": "8593785076",
      "osoite": "09537 Lakewood Center",
      "postinumero": "598",
      "postitoimipaikka": "Umabay"
    },
    {
      "id": 99,
      "nimi": "Mela",
      "puhelinnumero": "1072525287",
      "osoite": "657 Truax Drive",
      "postinumero": "46",
      "postitoimipaikka": "Piancheng"
    },
    {
      "id": 100,
      "nimi": "Randall",
      "puhelinnumero": "1998391422",
      "osoite": "6 Cottonwood Pass",
      "postinumero": "53321",
      "postitoimipaikka": "Bayan"
    }
  ]
}
